{
	"ColtRevolverShoot": {
		"category" : "player",
		"sounds" : [ "flansmod:ColtRevolverShoot" ]
	},
	
	"KerrShoot": {
		"category" : "player",
		"sounds" : [ "flansmod:KerrShoot" ]
	},
	
	"bullet": {
		"category" : "player",
		"sounds" : [ "flansmod:bullet" ]
	},
	
	"bulletHit": {
		"category" : "player",
		"sounds" : [ "flansmod:bulletHit" ]
	},
	
	"Engine": {
		"category" : "player",
		"sounds" : [ "flansmod:Engine" ]
	},
	
	"RifleShoot": {
		"category" : "player",
		"sounds" : [ "flansmod:RifleShoot" ]
	},
	
	"propSound": {
		"category" : "player",
		"sounds" : [ "flansmod:propSound" ]
	},
	
	"propStart": {
		"category" : "player",
		"sounds" : [ "flansmod:propStart" ]
	},
	
	"TankShell": {
		"category" : "player",
		"sounds" : [ "flansmod:TankShell" ]
	},
	
	"DoubleBarrelShoot": {
		"category" : "player",
		"sounds" : [ "flansmod:DoubleBarrelShoot" ]
	},
	
	"Fuse": {
		"category" : "player",
		"sounds" : [ "flansmod:Fuse" ]
	},
	
	"BottleBreaking": {
		"category" : "player",
		"sounds" : [ "flansmod:BottleBreaking" ]
	},
	
	"CannonFire": {
		"category" : "player",
		"sounds" : [ "flansmod:CannonFire" ]
	},
	
	"BrenReload": {
		"category" : "player",
		"sounds" : [ "flansmod:BrenReload" ]
	},
	
	"BrenShoot": {
		"category" : "player",
		"sounds" : [ "flansmod:BrenShoot" ]
	},
	
	"BrowningReload": {
		"category" : "player",
		"sounds" : [ "flansmod:BrowningReload" ]
	},
	
	"BrowningShoot": {
		"category" : "player",
		"sounds" : [ "flansmod:BrowningShoot" ]
	},
	
	"coltReload": {
		"category" : "player",
		"sounds" : [ "flansmod:coltReload" ]
	},
	
	"coltShoot": {
		"category" : "player",
		"sounds" : [ "flansmod:coltShoot" ]
	},
	
	"DP28Reload": {
		"category" : "player",
		"sounds" : [ "flansmod:DP28Reload" ]
	},
	
	"DP28Shoot": {
		"category" : "player",
		"sounds" : [ "flansmod:DP28Shoot" ]
	},
	
	"FlakvierlingShoot": {
		"category" : "player",
		"sounds" : [ "flansmod:FlakvierlingShoot" ]
	},
	
	"kar98kReload": {
		"category" : "player",
		"sounds" : [ "flansmod:kar98kReload" ]
	},
	
	"kar98kShoot": {
		"category" : "player",
		"sounds" : [ "flansmod:kar98kShoot" ]
	},
	
	"kar98kSniperReload": {
		"category" : "player",
		"sounds" : [ "flansmod:kar98kSniperReload" ]
	},
	
	"kar98kSniperShoot": {
		"category" : "player",
		"sounds" : [ "flansmod:kar98kSniperShoot" ]
	},
	
	"LancasterProp": {
		"category" : "player",
		"sounds" : [ "flansmod:LancasterProp" ]
	},
	
	"leeEnfieldReload": {
		"category" : "player",
		"sounds" : [ "flansmod:leeEnfieldReload" ]
	},
	
	"leeEnfieldShoot": {
		"category" : "player",
		"sounds" : [ "flansmod:leeEnfieldShoot" ]
	},
	
	"lugerReload": {
		"category" : "player",
		"sounds" : [ "flansmod:lugerReload" ]
	},
	
	"lugerShoot": {
		"category" : "player",
		"sounds" : [ "flansmod:lugerShoot" ]
	},
	
	"m1carbineReload": {
		"category" : "player",
		"sounds" : [ "flansmod:m1carbineReload" ]
	},
	
	"m1carbineShoot": {
		"category" : "player",
		"sounds" : [ "flansmod:m1carbineShoot" ]
	},
	
	"m1garandReload": {
		"category" : "player",
		"sounds" : [ "flansmod:m1garandReload" ]
	},
	
	"m1garandShoot": {
		"category" : "player",
		"sounds" : [ "flansmod:m1garandShoot" ]
	},
	
	"MG42Reload": {
		"category" : "player",
		"sounds" : [ "flansmod:MG42Reload" ]
	},
	
	"MG42Shoot": {
		"category" : "player",
		"sounds" : [ "flansmod:MG42Shoot" ]
	},
	
	"MosinNagantShoot": {
		"category" : "player",
		"sounds" : [ "flansmod:MosinNagantShoot" ]
	},
	
	"MosinNagantSniperShoot": {
		"category" : "player",
		"sounds" : [ "flansmod:MosinNagantSniperShoot" ]
	},
	
	"mp40Reload": {
		"category" : "player",
		"sounds" : [ "flansmod:mp40Reload" ]
	},
	
	"mp40Shoot": {
		"category" : "player",
		"sounds" : [ "flansmod:mp40Shoot" ]
	},
	
	"mp44Reload": {
		"category" : "player",
		"sounds" : [ "flansmod:mp44Reload" ]
	},
	
	"mp44Shoot": {
		"category" : "player",
		"sounds" : [ "flansmod:mp44Shoot" ]
	},
	
	"PlaneShoot": {
		"category" : "player",
		"sounds" : [ "flansmod:PlaneShoot" ]
	},
	
	"PPSHReload": {
		"category" : "player",
		"sounds" : [ "flansmod:PPSHReload" ]
	},
	
	"PPSHShoot": {
		"category" : "player",
		"sounds" : [ "flansmod:PPSHShoot" ]
	},
	
	"springfieldReload": {
		"category" : "player",
		"sounds" : [ "flansmod:springfieldReload" ]
	},
	
	"springfieldShoot": {
		"category" : "player",
		"sounds" : [ "flansmod:springfieldShoot" ]
	},
	
	"stenReload": {
		"category" : "player",
		"sounds" : [ "flansmod:stenReload" ]
	},
	
	"stenShoot": {
		"category" : "player",
		"sounds" : [ "flansmod:stenShoot" ]
	},
	
	"thompsonReload": {
		"category" : "player",
		"sounds" : [ "flansmod:thompsonReload" ]
	},
	
	"thompsonShoot": {
		"category" : "player",
		"sounds" : [ "flansmod:thompsonShoot" ]
	},
	
	"TT33Reload": {
		"category" : "player",
		"sounds" : [ "flansmod:TT33Reload" ]
	},
	
	"TT33Shoot": {
		"category" : "player",
		"sounds" : [ "flansmod:TT33Shoot" ]
	},
	
	"Type38Shoot": {
		"category" : "player",
		"sounds" : [ "flansmod:Type38Shoot" ]
	},
	
	"Type99Shoot": {
		"category" : "player",
		"sounds" : [ "flansmod:Type99Shoot" ]
	},
	
	"Type100Reload": {
		"category" : "player",
		"sounds" : [ "flansmod:Type100Reload" ]
	},
	
	"Type100Shoot": {
		"category" : "player",
		"sounds" : [ "flansmod:Type100Shoot" ]
	},
	
	"Fg42Reload": {
		"category" : "player",
		"sounds" : [ "flansmod:Fg42Reload" ]
	},
	
	"Fg42Shoot": {
		"category" : "player",
		"sounds" : [ "flansmod:Fg42Shoot" ]
	},
	
	"M3A1Reload": {
		"category" : "player",
		"sounds" : [ "flansmod:M3A1Reload" ]
	},
	
	"M3A1Shoot": {
		"category" : "player",
		"sounds" : [ "flansmod:M3A1Shoot" ]
	},
	
	"webleyReload": {
		"category" : "player",
		"sounds" : [ "flansmod:webleyReload" ]
	},
	
	"webleyShoot": {
		"category" : "player",
		"sounds" : [ "flansmod:webleyShoot" ]
		
	},
	
	"Tank1Shoot": {
		"category" : "player",
		"sounds" : [ "flansmod:Tank1Shoot" ]
	},
	
	"Tank2Shoot": {
		"category" : "player",
		"sounds" : [ "flansmod:Tank2Shoot" ]
	},
	
	"Tank3Shoot": {
		"category" : "player",
		"sounds" : [ "flansmod:Tank3Shoot" ]
	},
	
	"Tank4Shoot": {
		"category" : "player",
		"sounds" : [ "flansmod:Tank4Shoot" ]
	},
	
	"Tank1Reload": {
		"category" : "player",
		"sounds" : [ "flansmod:Tank1Reload" ]
	},	
			
	"TankMove": {
		"category" : "player",
		"sounds" : [ "flansmod:TankMove" ]
	},
	
	"TankIdle": {
		"category" : "player",
		"sounds" : [ "flansmod:TankIdle" ]
	},
	
	"Flak1Shoot": {
		"category" : "player",
		"sounds" : [ "flansmod:Flak1Shoot" ]
	},
	
	"FlamethrowerWarmup": {
		"category" : "player",
		"sounds" : [ "flansmod:FlamethrowerWarmup" ]
	},
	
	"FlamethrowerLoop": {
		"category" : "player",
		"sounds" : [ "flansmod:FlamethrowerLoop" ]
	},
	
	"FlamethrowerCooldown": {
		"category" : "player",
		"sounds" : [ "flansmod:FlamethrowerCooldown" ]
	},
	
	"gewehr43Shoot": {
		"category" : "player",
		"sounds" : [ "gewehr43Shoot" ]
	}
}